{"flavors":[{"style_sheets":["style_sheet_md2_border.css","roundedkeys_patch_border.css"],"type":"BORDER"}],"format_version":3,"id":"patcher_1724245052744","is_light_theme":false,"lock_key_border":false,"name":"OXTFRDS GITULOHHHHHHH","prefer_key_border":true,"style_sheets":["style_sheet_variables.css","style_sheet_md2.css","custombrandingimage_patch.css","font_casual_patch.css","body_top_rounded_patch.css","branding_patch.css","plumpy_patch.css","font_cursive_patch.css","font_GoogleSans_patch.css","borderless_spacebar_transparent_patch.css"]}